{
  "2wikimqa": 37.178972482681274,
  "musique": 39.769474506378174,
  "passage_retrieval_en": 39.60869026184082
}