{
  "2wikimqa": 273.3571012020111,
  "musique": 219.64003467559814
}