{
  "2wikimqa": 313.58671522140503,
  "musique": 334.66795778274536,
  "passage_retrieval_en": 335.13594126701355
}