{
  "rows": [
    {
      "dataset": "2wikimqa",
      "tq25": 37.95967643467643,
      "inc25": 39.0438394938395,
      "d25": 1.0841630591630675,
      "tq35": 44.46666666666667,
      "inc35": 46.324358974358994,
      "d35": 1.857692307692325,
      "n": 200,
      "ratio35": 0.23451247962250826,
      "act35": 0.92
    },
    {
      "dataset": "hotpotqa",
      "tq25": 44.825020885547204,
      "inc25": 48.69428495481127,
      "d25": 3.8692640692640694,
      "tq35": 54.648157398157394,
      "inc35": 55.95039215170793,
      "d35": 1.302234753550536,
      "n": 200,
      "ratio35": 0.234435319880139,
      "act35": 0.455
    },
    {
      "dataset": "musique",
      "tq25": 25.23722753854333,
      "inc25": 26.56823694132693,
      "d25": 1.3310094027836001,
      "tq35": 30.010387711703505,
      "inc35": 30.102054378370177,
      "d35": 0.09166666666667211,
      "n": 200,
      "ratio35": 0.23442287299465303,
      "act35": 0.08
    }
  ],
  "average": {
    "tq25": 36.00730828625566,
    "inc25": 38.1021204633259,
    "delta25": 2.0948121770702457,
    "tq35": 43.041737258842524,
    "inc35": 44.125601834812365,
    "delta35": 1.0838645759698444
  }
}