{
  "Full Cache": {
    "tasks": {
      "2wikimqa": {
        "score": 46.36190476190477,
        "acc": 0.475,
        "ratio": null,
        "latency": 1.061179295249749
      },
      "hotpotqa": {
        "score": 55.094470622257006,
        "acc": 0.475,
        "ratio": null,
        "latency": 1.8253686648642178
      },
      "musique": {
        "score": 31.090036004201497,
        "acc": 0.265,
        "ratio": null,
        "latency": 2.3718686368397903
      }
    },
    "multiqa_avg": 44.182137129454425,
    "avg_ratio": null,
    "avg_latency": 1.752805532317919
  },
  "TQ 2.5": {
    "tasks": {
      "2wikimqa": {
        "score": 37.95967643467643,
        "acc": 0.365,
        "ratio": 0.17200123440968212,
        "latency": 3.2840245621674695
      },
      "hotpotqa": {
        "score": 44.825020885547204,
        "acc": 0.395,
        "ratio": 0.17192786057092,
        "latency": 4.143731123505859
      },
      "musique": {
        "score": 25.237227538543326,
        "acc": 0.2,
        "ratio": 0.17191747620242634,
        "latency": 4.663627720230725
      }
    },
    "multiqa_avg": 36.00730828625566,
    "avg_ratio": 0.17194885706100949,
    "avg_latency": 4.030461135301351
  },
  "TQ 3.25": {
    "tasks": {
      "2wikimqa": {
        "score": 40.34740896358544,
        "acc": 0.41,
        "ratio": 0.21887714899888183,
        "latency": 9.687934625112684
      },
      "hotpotqa": {
        "score": 52.55228174603175,
        "acc": 0.44,
        "ratio": 0.21880838357937782,
        "latency": 10.572891574606764
      },
      "musique": {
        "score": 28.398347530605587,
        "acc": 0.235,
        "ratio": 0.218797030013807,
        "latency": 11.15007761593908
      }
    },
    "multiqa_avg": 40.43267941340759,
    "avg_ratio": 0.2188275208640222,
    "avg_latency": 10.470301271886177
  },
  "TQ 3.5": {
    "tasks": {
      "2wikimqa": {
        "score": 44.46666666666667,
        "acc": 0.425,
        "ratio": 0.23449295160628533,
        "latency": 8.879662539985729
      },
      "hotpotqa": {
        "score": 54.6481573981574,
        "acc": 0.485,
        "ratio": 0.23442905930588534,
        "latency": 9.773771806610748
      },
      "musique": {
        "score": 30.010387711703494,
        "acc": 0.24,
        "ratio": 0.23442266564817998,
        "latency": 10.457673587613971
      }
    },
    "multiqa_avg": 43.041737258842524,
    "avg_ratio": 0.23444822552011688,
    "avg_latency": 9.703702644736817
  },
  "Naive INT4": {
    "tasks": {
      "2wikimqa": {
        "score": 38.7522468029047,
        "acc": 0.43,
        "ratio": 0.2578125,
        "latency": 1.3777899010537658
      },
      "hotpotqa": {
        "score": 52.501464037754374,
        "acc": 0.445,
        "ratio": 0.2578125,
        "latency": 2.2661274181178306
      },
      "musique": {
        "score": 25.276841579473153,
        "acc": 0.2,
        "ratio": 0.2578125,
        "latency": 2.855696623879485
      }
    },
    "multiqa_avg": 38.84351747337741,
    "avg_ratio": 0.2578125,
    "avg_latency": 2.166537981017027
  },
  "KIVI-style INT4": {
    "tasks": {
      "2wikimqa": {
        "score": 36.67500160658055,
        "acc": 0.38,
        "ratio": 0.25443711781541306,
        "latency": 1.324982982579386
      },
      "hotpotqa": {
        "score": 48.51622617148934,
        "acc": 0.435,
        "ratio": 0.25415722912067173,
        "latency": 2.3058519171376246
      },
      "musique": {
        "score": 25.971263295527987,
        "acc": 0.2,
        "ratio": 0.2541270986903582,
        "latency": 2.82535242350772
      }
    },
    "multiqa_avg": 37.05416369119929,
    "avg_ratio": 0.25424048187548104,
    "avg_latency": 2.1520624410749103
  }
}
