{
  "2wikimqa": 8.61809229850769,
  "musique": 8.387760639190674,
  "passage_retrieval_en": 8.369385480880737
}