{
  "groups": 600,
  "records": 2400,
  "shared_prefix_table_storage_nbytes": 135319414248,
  "fp16_prefix_table_storage_nbytes": 924728464896,
  "request_storage_nbytes": 33141238784,
  "shared_total_storage_nbytes": 168460653032,
  "fp16_shared_total_storage_nbytes": 957869703680,
  "shared_total_savings_vs_fp16_shared": 0.8241298869931912,
  "prefix_table_savings_vs_fp16_prefix": 0.8536657847304194,
  "mean_prefix_storage_saving": 0.8530140660371756,
  "mean_prefill_s": 1.484428700277737,
  "mean_encode_s": 0.3584450685333771,
  "mean_decode_s": 0.46604709735838695,
  "mean_rel_l2": 0.25780075093110405,
  "max_rel_l2": 0.2615962326526642,
  "mean_max_abs": 2.3326920572916667,
  "expected_groups": 600,
  "complete": true,
  "duplicate_rows_skipped": 0,
  "input_rows": 600,
  "task_summaries": {
    "2wikimqa": {
      "groups": 200,
      "records": 800,
      "shared_prefix_table_storage_nbytes": 27988356826,
      "fp16_prefix_table_storage_nbytes": 189515575808,
      "request_storage_nbytes": 3229115392,
      "shared_total_storage_nbytes": 31217472218,
      "fp16_shared_total_storage_nbytes": 192744691200,
      "shared_total_savings_vs_fp16_shared": 0.8380371878278742,
      "prefix_table_savings_vs_fp16_prefix": 0.8523163243618811,
      "mean_prefix_storage_saving": 0.8510316474485506,
      "mean_prefill_s": 0.8839707203162834,
      "mean_encode_s": 0.23519262770190835,
      "mean_decode_s": 0.28900900037493554,
      "mean_rel_l2": 0.2559661202132702,
      "max_rel_l2": 0.2615962326526642,
      "mean_max_abs": 2.312578125
    },
    "musique": {
      "groups": 200,
      "records": 800,
      "shared_prefix_table_storage_nbytes": 60007401185,
      "fp16_prefix_table_storage_nbytes": 410935112192,
      "request_storage_nbytes": 3416679424,
      "shared_total_storage_nbytes": 63424080609,
      "fp16_shared_total_storage_nbytes": 414351791616,
      "shared_total_savings_vs_fp16_shared": 0.8469318055518915,
      "prefix_table_savings_vs_fp16_prefix": 0.8539735364425055,
      "mean_prefix_storage_saving": 0.8539579631099019,
      "mean_prefill_s": 2.026244846880436,
      "mean_encode_s": 0.4924260516441427,
      "mean_decode_s": 0.6263523451657966,
      "mean_rel_l2": 0.25723587557673455,
      "max_rel_l2": 0.2612241804599762,
      "mean_max_abs": 2.3513671875
    },
    "passage_retrieval_en": {
      "groups": 200,
      "records": 800,
      "shared_prefix_table_storage_nbytes": 47323656237,
      "fp16_prefix_table_storage_nbytes": 324277776896,
      "request_storage_nbytes": 26495443968,
      "shared_total_storage_nbytes": 73819100205,
      "fp16_shared_total_storage_nbytes": 350773220864,
      "shared_total_savings_vs_fp16_shared": 0.789553204708233,
      "prefix_table_savings_vs_fp16_prefix": 0.8540644484183161,
      "mean_prefix_storage_saving": 0.8540525875530761,
      "mean_prefill_s": 1.5430705336364918,
      "mean_encode_s": 0.3477165262540802,
      "mean_decode_s": 0.48277994653442874,
      "mean_rel_l2": 0.26020025700330734,
      "max_rel_l2": 0.2612282931804657,
      "mean_max_abs": 2.334130859375
    }
  }
}
